"","end","username","deviceid","phonenumber","organizacion","estacion","poligono","coordenadas","X_coordenadas_latitude","X_coordenadas_longitude","X_coordenadas_altitude","X_coordenadas_precision","telefono","X_id","X_uuid","X_submission_time","X_validation_status","X_notes","X_status","X_submitted_by","X__version__","X_tags","X_index"
"1","2023-07-07T11:59:21.627-06:00","username not found","ee.kobotoolbox.org:hpoPYUgHdh5ssYkN","phonenumber not found","cicoduma",991,199,"14.464768 -90.7263 0 0",14.464768,-90.7263,0,0,43919552,251094950,"1d0466d9-6027-4223-9914-3889ea1d2d42","2023-07-07T17:48:09",NA,NA,"submitted_via_web",NA,"vHLeo878XR5CdyewMRNxyg",NA,1
"2","2023-07-07T11:59:38.969-06:00","username not found","ee.kobotoolbox.org:hpoPYUgHdh5ssYkN","phonenumber not found","cicoduma",992,199,"14.465308 -90.719228 0 0",14.465308,-90.719228,0,0,43919552,251095278,"e1edb5b5-e26e-4fa3-9215-1eb3860ed07f","2023-07-07T17:49:15",NA,NA,"submitted_via_web",NA,"vHLeo878XR5CdyewMRNxyg",NA,2
"3","2023-07-07T12:00:10.856-06:00","username not found","ee.kobotoolbox.org:hpoPYUgHdh5ssYkN","phonenumber not found","cicoduma",993,199,"14.465641 -90.705155 0 0",14.465641,-90.705155,0,0,43919552,251095384,"0116ff3d-e442-41b8-ab6f-e3159a2b3017","2023-07-07T17:49:45",NA,NA,"submitted_via_web",NA,"vHLeo878XR5CdyewMRNxyg",NA,3
"4","2023-07-07T12:00:44.852-06:00","username not found","ee.kobotoolbox.org:hpoPYUgHdh5ssYkN","phonenumber not found","cicoduma",994,199,"14.458618 -90.722533 0 0",14.458618,-90.722533,0,0,43919552,251095523,"0feb8855-7277-425b-85fa-e9b349e87c65","2023-07-07T17:50:14",NA,NA,"submitted_via_web",NA,"vHLeo878XR5CdyewMRNxyg",NA,4
"5","2023-07-07T12:01:46.281-06:00","username not found","ee.kobotoolbox.org:hpoPYUgHdh5ssYkN","phonenumber not found","cicoduma",995,199,"14.459948 -90.716338 0 0",14.459948,-90.716338,0,0,43919552,251095613,"58f11f52-f06d-4609-adcf-8d0cc8801178","2023-07-07T17:50:38",NA,NA,"submitted_via_web",NA,"vHLeo878XR5CdyewMRNxyg",NA,5
"6","2023-07-07T12:02:29.149-06:00","username not found","ee.kobotoolbox.org:hpoPYUgHdh5ssYkN","phonenumber not found","cicoduma",996,199,"14.459117 -90.706551 0 0",14.459117,-90.706551,0,0,43919552,251095718,"abed2afb-077b-4e26-a20e-78fab15aa0e0","2023-07-07T17:51:08",NA,NA,"submitted_via_web",NA,"vHLeo878XR5CdyewMRNxyg",NA,6
"7","2023-07-07T12:03:03.053-06:00","username not found","ee.kobotoolbox.org:hpoPYUgHdh5ssYkN","phonenumber not found","cicoduma",997,199,"14.453797 -90.723386 0 0",14.453797,-90.723386,0,0,43919552,251095893,"59ee2c49-f614-48d5-9940-2cd354c3502b","2023-07-07T17:51:32",NA,NA,"submitted_via_web",NA,"vHLeo878XR5CdyewMRNxyg",NA,7
"8","2023-07-07T12:03:58.019-06:00","username not found","ee.kobotoolbox.org:hpoPYUgHdh5ssYkN","phonenumber not found","cicoduma",998,199,"14.453548 -90.718018 0 0",14.453548,-90.718018,0,0,43919552,251099514,"176b8134-6941-4a02-a564-8d217420768a","2023-07-07T18:03:58",NA,NA,"submitted_via_web",NA,"vHLeo878XR5CdyewMRNxyg",NA,8
"9","2023-07-07T12:04:26.903-06:00","username not found","ee.kobotoolbox.org:hpoPYUgHdh5ssYkN","phonenumber not found","cicoduma",999,199,"14.453714 -90.709077 0 0",14.453714,-90.709077,0,0,43919552,251099626,"c1d6708f-cca9-4c8c-b3c4-bbfa96392d95","2023-07-07T18:04:27",NA,NA,"submitted_via_web",NA,"vHLeo878XR5CdyewMRNxyg",NA,9
"10","2023-07-07T12:05:53.643-06:00","username not found","ee.kobotoolbox.org:hpoPYUgHdh5ssYkN","phonenumber not found","vegecsa",991,199,"14.482304 -90.733288 0 0",14.482304,-90.733288,0,0,43919552,251100032,"196b24a9-100e-4f11-804b-7b7d94619370","2023-07-07T18:05:53",NA,NA,"submitted_via_web",NA,"vHLeo878XR5CdyewMRNxyg",NA,10
"11","2023-07-07T12:06:16.980-06:00","username not found","ee.kobotoolbox.org:hpoPYUgHdh5ssYkN","phonenumber not found","vegecsa",992,199,"14.480143 -90.724525 0 0",14.480143,-90.724525,0,0,43919552,251100127,"538cb283-f5f1-42ee-9df9-436272777e5a","2023-07-07T18:06:17",NA,NA,"submitted_via_web",NA,"vHLeo878XR5CdyewMRNxyg",NA,11
"12","2023-07-07T12:06:46.789-06:00","username not found","ee.kobotoolbox.org:hpoPYUgHdh5ssYkN","phonenumber not found","vegecsa",993,199,"14.480642 -90.718866 0 0",14.480642,-90.718866,0,0,43919552,251100253,"aa1b5555-e994-4d76-9a47-c362d615c0d9","2023-07-07T18:06:46",NA,NA,"submitted_via_web",NA,"vHLeo878XR5CdyewMRNxyg",NA,12
"13","2023-07-07T12:07:15.321-06:00","username not found","ee.kobotoolbox.org:hpoPYUgHdh5ssYkN","phonenumber not found","vegecsa",994,199,"14.476154 -90.731754 0 0",14.476154,-90.731754,0,0,43919552,251100380,"d931cfd5-7373-4be9-ac56-9cfe4ecbbc27","2023-07-07T18:07:15",NA,NA,"submitted_via_web",NA,"vHLeo878XR5CdyewMRNxyg",NA,13
"14","2023-07-07T12:07:36.522-06:00","username not found","ee.kobotoolbox.org:hpoPYUgHdh5ssYkN","phonenumber not found","vegecsa",995,199,"14.475988 -90.724017 0 0",14.475988,-90.724017,0,0,43919552,251100452,"3f254443-19bd-4e74-a91d-cd4a24639387","2023-07-07T18:07:36",NA,NA,"submitted_via_web",NA,"vHLeo878XR5CdyewMRNxyg",NA,14
"15","2023-07-07T12:07:56.807-06:00","username not found","ee.kobotoolbox.org:hpoPYUgHdh5ssYkN","phonenumber not found","vegecsa",996,199,"14.47632 -90.718003 0 0",14.47632,-90.718003,0,0,43919552,251100547,"0c4bdace-6c64-43f2-b0a9-9081955319ce","2023-07-07T18:07:56",NA,NA,"submitted_via_web",NA,"vHLeo878XR5CdyewMRNxyg",NA,15
"16","2023-07-07T12:09:22.295-06:00","username not found","ee.kobotoolbox.org:hpoPYUgHdh5ssYkN","phonenumber not found","vegecsa",997,199,"14.470503 -90.728826 0 0",14.470503,-90.728826,0,0,43919552,251100883,"53196154-8396-44e7-91e4-594209908e6d","2023-07-07T18:09:22",NA,NA,"submitted_via_web",NA,"vHLeo878XR5CdyewMRNxyg",NA,16
"17","2023-07-07T12:09:43.224-06:00","username not found","ee.kobotoolbox.org:hpoPYUgHdh5ssYkN","phonenumber not found","vegecsa",998,199,"14.470669 -90.722296 0 0",14.470669,-90.722296,0,0,43919552,251100989,"10fbbc16-5d54-468b-8a13-a875aa821542","2023-07-07T18:09:43",NA,NA,"submitted_via_web",NA,"vHLeo878XR5CdyewMRNxyg",NA,17
"18","2023-07-07T12:10:09.140-06:00","username not found","ee.kobotoolbox.org:hpoPYUgHdh5ssYkN","phonenumber not found","vegecsa",999,199,"14.471375 -90.713217 0 0",14.471375,-90.713217,0,0,43919552,251101192,"5e0fba0e-2cf7-4803-b0eb-e9a7c3f64818","2023-07-07T18:10:09",NA,NA,"submitted_via_web",NA,"vHLeo878XR5CdyewMRNxyg",NA,18
